created_at,text,retweet_count,favorite_count,user_screen_name,user_followers_count,user_verified,text_processed
2021-03-22 23:16:07,Can we have an investigation on this @SukhpalKhaira #FarmersProtest https://t.co/qe5ttozzPE,0,0,LyllpuriaDeep1,905,False,can we have an investigation on this
2021-03-22 23:14:39,Captain Saab @capt_amarinder You need to investigate this. Police officers need to be punished. #FarmersProtest https://t.co/qe5ttozzPE,0,0,LyllpuriaDeep1,905,False,captain saab amarinder you need to investigate this police officers need to be punished
2021-03-22 23:14:12,"There is no compromise when it comes to injustice. You have to fight it.Stand with our farmers

 #FarmersProtest

 23:14:12",0,0,DigitalKisanBot,2330,False,there is no compromise when it comes to injustice you have to fight it stand with our farmers
2021-03-22 23:12:51,"Farmers in India are fighting for their livelihoods. üôè‚úäüèº
#IStandWithFarmers
#FarmersProtest https://t.co/RT8djhdopQ",1,2,SHERNI__,142,False,farmers in india are fighting for their livelihoods
2021-03-22 22:55:32,#23march with farmers #23March_‡§ï‡§ø‡§∏‡§æ‡§®‡•ã‡§Ç_‡§ï‡•á_‡§∏‡§æ‡§• #FarmersProtest #BoycottBJP_4Farmers,0,0,MajorSi29334159,8,False,with farmers 4farmers
2021-03-22 22:46:41,What about COVID-19? Anyone?? #FarmersProtest #FarmersCallBJPboycott #23March_‡§ï‡§ø‡§∏‡§æ‡§®‡•ã‡§Ç_‡§ï‡•á_‡§∏‡§æ‡§• #kisanEktaMorcha https://t.co/LveF3qntSk,0,1,DivdeepM,94,False,what about covid 19 anyone
2021-03-22 22:41:15,"Guys follow kro Ranjit veere de account nu @RanjitS29405845 ....üôè‚ù§
.
.
#ranjitsingh 
#FarmersProtest",0,1,Komlprit_24,522,False,guys follow kro ranjit veere de account nu
2021-03-22 22:33:01,"#FarmersProtest = #HumanRights
#StandWithFarmers #23March_‡§ï‡§ø‡§∏‡§æ‡§®‡•ã‡§Ç_‡§ï‡•á_‡§∏‡§æ‡§•
No to RSS! https://t.co/zXPa6NtdrJ",1,1,rebelpacifist,259,False,no to rss
2021-03-22 22:18:31,"#FarmersProtest #FarmersProtests #FarmersProstests 

We stand with Farmers....",0,0,Gautamc13,19,False,we stand with farmers
2021-03-22 22:13:00,"üö® Everyone please read and share
#23March_‡§ï‡§ø‡§∏‡§æ‡§®‡•ã‡§Ç_‡§ï‡•á_‡§∏‡§æ‡§•
#FarmersProtest = #HumanRights
#StandWithFarmers https://t.co/lwx9rr6NRg",0,0,rebelpacifist,259,False,everyone please read and share
2021-03-22 22:10:16,"Are you kidding me @Facebook???
#23March_‡§ï‡§ø‡§∏‡§æ‡§®‡•ã‡§Ç_‡§ï‡•á_‡§∏‡§æ‡§•
#FarmersProtest = #HumanRights
#StandWithFarmers https://t.co/lwx9rr6NRg",0,0,rebelpacifist,259,False,are you kidding me
2021-03-22 22:08:26,"Salute to great Martyrs and Farmers.
Jai Kisan
#FarmersProtest 
#23March_‡§ï‡§ø‡§∏‡§æ‡§®‡•ã‡§Ç_‡§ï‡•á_‡§∏‡§æ‡§• https://t.co/y7dgLlX1kD",0,1,Singhfarmer1313,119,False,salute to great martyrs and farmers jai kisan
2021-03-22 22:03:23,"#23March_‡§ï‡§ø‡§∏‡§æ‡§®‡•ã‡§Ç_‡§ï‡•á_‡§∏‡§æ‡§• #FarmersProtest 

üëèüëèüëèüëèThey are all Fake https://t.co/pvt5eICcvm",0,1,Fakeer16771146,237,False,they are all fake
2021-03-22 22:02:12,"#23March_‡§ï‡§ø‡§∏‡§æ‡§®‡•ã‡§Ç_‡§ï‡•á_‡§∏‡§æ‡§• #FarmersProtest 

Honour our Martyrs https://t.co/jn7KI7JdB9",0,0,Fakeer16771146,237,False,honour our martyrs
2021-03-22 21:59:06,"#23March_‡§ï‡§ø‡§∏‡§æ‡§®‡•ã‡§Ç_‡§ï‡•á_‡§∏‡§æ‡§• #FarmersProtest   

His legacy continues https://t.co/rWs6KSe6Le",1,1,Fakeer16771146,237,False,his legacy continues
2021-03-22 21:58:01,"#23March_‡§ï‡§ø‡§∏‡§æ‡§®‡•ã‡§Ç_‡§ï‡•á_‡§∏‡§æ‡§• #FarmersProtest 

Save agriculture support farmer protest https://t.co/QyjXLVReRj",0,0,Fakeer16771146,237,False,save agriculture support farmer protest
2021-03-22 21:57:04,"#23March_‡§ï‡§ø‡§∏‡§æ‡§®‡•ã‡§Ç_‡§ï‡•á_‡§∏‡§æ‡§• #FarmersProtest 

Respect Farmer Support Farmersprotest https://t.co/jBax9wDbS5",0,0,Fakeer16771146,237,False,respect farmer support farmersprotest
2021-03-22 21:56:10,"#23March_‡§ï‡§ø‡§∏‡§æ‡§®‡•ã‡§Ç_‡§ï‡•á_‡§∏‡§æ‡§• #FarmersProtest 

It‚Äôs time to correct this grave mistake https://t.co/8uF3zkCgzw",0,1,Fakeer16771146,237,False,its time to correct this grave mistake
2021-03-22 21:52:52,Bollywood starts who lost my respect @ajaydevgn @akshaykumar @iamsunnydeol #spineless #FarmersProtest,0,0,scorpion_trader,44,False,bollywood starts who lost my respect
2021-03-22 21:47:32,"#23March_‡§ï‡§ø‡§∏‡§æ‡§®‡•ã‡§Ç_‡§ï‡•á_‡§∏‡§æ‡§• #FarmersProtest 

India üáÆüá≥ stand against crony capitalism https://t.co/G9wHIJnMOw",2,2,Fakeer16771146,237,False,india stand against crony capitalism
2021-03-22 21:47:29,"DAY: 117
DEATH TOLL: 300

#FarmersProtest
#KisaanMajdoorEktaZindabaad",3,8,jottt,1895,False,day 117death toll 300
2021-03-22 21:44:24,"#23March_‡§ï‡§ø‡§∏‡§æ‡§®‡•ã‡§Ç_‡§ï‡•á_‡§∏‡§æ‡§• #FarmersProtest 

Farmers will win https://t.co/uSqXGwAFOz",3,5,Fakeer16771146,237,False,farmers will win
2021-03-22 21:35:31,"I have a feel the creator isn't too kind to Genocidal Narcissists.

#23March_‡§ï‡§ø‡§∏‡§æ‡§®‡•ã‡§Ç‡§ï‡•á‡§∏‡§æ‡§•
#FarmersProtest https://t.co/eUutFBh31z",1,2,mandeeptoronto,677,False,i have a feel the creator isnt too kind to genocidal narcissists
2021-03-22 21:33:44,For my dearest Andhbhakt  #FarmersProtest https://t.co/mMpso1n1TF,3,3,butterfly0o0o0,530,False,for my dearest andhbhakt
2021-03-22 21:33:27,"#23March_‡§ï‡§ø‡§∏‡§æ‡§®‡•ã‡§Ç_‡§ï‡•á_‡§∏‡§æ‡§• #FarmersProtest 

Never Forgot our Martyrs https://t.co/ydobHCNsXZ",0,1,Fakeer16771146,237,False,never forgot our martyrs
2021-03-22 21:31:57,"#23March_‡§ï‡§ø‡§∏‡§æ‡§®‡•ã‡§Ç_‡§ï‡•á_‡§∏‡§æ‡§• #FarmersProtest 

Now days Andhbakht‚Äôs are getting trolled &amp; humilated on Twitter. https://t.co/gFr4ssPTxn",1,2,Fakeer16771146,237,False,now days andhbakhts are getting trolled &amp; humilated on twitter
2021-03-22 21:27:48,"#23March_‡§ï‡§ø‡§∏‡§æ‡§®‡•ã‡§Ç_‡§ï‡•á_‡§∏‡§æ‡§• #FarmersProtest 

Farmer stand strong https://t.co/xOZNCilzur",1,3,Fakeer16771146,237,False,farmer stand strong
2021-03-22 21:27:10,"It‚Äôs Facebook versus India‚Äôs Farmers https://t.co/ae5WnVUGZh via @countercurrents
#FarmersProtest",0,0,SmujSingh,1190,False,its facebook versus indias farmers via
2021-03-22 21:25:50,"Farmers protest in DC. 3/17/2021 #FarmersProtest #msp #Martyrs #DC #protest ‚Äúwe farm, you eat‚Äù https://t.co/vD94PWIOrW",0,1,chris_revo,41,False,farmers protest in dc 3/17/2021 we farm you eat
2021-03-22 21:24:14,"We stand with our farmers
May Waheguru continue to give kirpa to our brothers and sisters in #delhi
#FarmersProtest #IStandWithFarmers",1,2,Freedomofspea17,15,False,we stand with our farmersmay waheguru continue to give kirpa to our brothers and sisters in
2021-03-22 21:23:02,"#23March_‡§ï‡§ø‡§∏‡§æ‡§®‡•ã‡§Ç_‡§ï‡•á_‡§∏‡§æ‡§• #FarmersProtest 

Support Farmer Save agriculture https://t.co/Uu9OPLy7AD",0,1,Fakeer16771146,237,False,support farmer save agriculture
2021-03-22 21:21:40,"#23March_‡§ï‡§ø‡§∏‡§æ‡§®‡•ã‡§Ç_‡§ï‡•á_‡§∏‡§æ‡§• #FarmersProtest 

Our voice couldn‚Äôt be oppressed https://t.co/w11r4vpLBE",0,1,Fakeer16771146,237,False,our voice couldnt be oppressed
2021-03-22 21:19:33,"#23March_‡§ï‡§ø‡§∏‡§æ‡§®‡•ã‡§Ç_‡§ï‡•á_‡§∏‡§æ‡§• #FarmersProtest 

We will win https://t.co/qezJIBxyXG",1,2,Fakeer16771146,237,False,we will win
2021-03-22 20:57:05,You just have to be human to raise awareness about the #FarmersProtest,8,19,damankaurr,612,False,you just have to be human to raise awareness about the
2021-03-22 20:55:58,‚ù§Ô∏è #FarmersProtest I pray they repeal the death laws https://t.co/ILt87ZBC6W,7,28,DoabanJatti,2640,False,i pray they repeal the death laws
2021-03-22 20:28:02,Wondering how NHAI makes annually from pan India tolls #FarmersProtest https://t.co/rWgdyx3HUe,0,0,chetanbhullar,226,False,wondering how nhai makes annually from pan india tolls
2021-03-22 20:07:43,"Weak people revenge. Strong people forgive. Intelligent people ignore. - Albert Einstein
#FarmersProtest 
#23March_‡§ï‡§ø‡§∏‡§æ‡§®‡•ã‡§Ç_‡§ï‡•á_‡§∏‡§æ‡§•",3,2,Singhmaan923,526,False,weak people revenge strong people forgive intelligent people ignore albert einstein
2021-03-22 20:02:02,"#23March_‡§ï‡§ø‡§∏‡§æ‡§®‡•ã‡§Ç_‡§ï‡•á_‡§∏‡§æ‡§• #FarmersProtest

We never bow down to Dictators.History is our witness üôèüôèüôè https://t.co/1Pw6gxjQl7",1,1,Fakeer16771146,237,False,never bow down to dictators history is our witness
2021-03-22 19:40:53,"Be united and fight for our rights

#23March_‡§ï‡§ø‡§∏‡§æ‡§®‡•ã‡§Ç_‡§ï‡•á_‡§∏‡§æ‡§• 
#FarmersProtest",0,1,Singhmaan923,526,False,be united and fight for our rights
2021-03-22 19:35:09,"Haryanvi's welcoming Dy. CM Dushyant Chautala
#FarmersProtest https://t.co/t76USAkBsN",0,1,KeepPeace100,231,False,haryanvis welcoming dy cm dushyant chautala
2021-03-22 19:34:33,"The future Prime Minister üëë 

#india #farmersprotest #IStandWithFarmers https://t.co/RzX10LQ1Bs",34,83,sikhexpo,8078,False,the future prime minister
2021-03-22 19:33:07,"Good evening 
#23March_‡§ï‡§ø‡§∏‡§æ‡§®‡•ã‡§Ç_‡§ï‡•á_‡§∏‡§æ‡§•
#FarmersProtest https://t.co/9Zy6C0hOwW",1,3,MaanDee08215437,2313,False,good evening
2021-03-22 19:31:38,"#23March_‡§ï‡§ø‡§∏‡§æ‡§®‡•ã‡§Ç_‡§ï‡•á_‡§∏‡§æ‡§• #FarmersProtest 

Biggest liar in the history of Mankind https://t.co/NszDLsoCAZ",0,1,Fakeer16771146,237,False,biggest liar in the history of mankind
2021-03-22 19:28:58,"Age is just a number . 
Being bhagat Singh not And bhagat .
#FarmersProtest 
#bhagatsingh https://t.co/V3yLeFYWJB",1,1,KaranLo81531854,1,False,age is just a number being bhagat singh not and bhagat
2021-03-22 19:22:56,"#FarmersProtest 
another day, another tweet about what's been happening for four months",0,0,Keerut2,27,False,another day another tweet about whats been happening for four months
2021-03-22 19:09:55,"Lets see glass half full at least they are not against Farmers. 
#23March_‡§ï‡§ø‡§∏‡§æ‡§®‡•ã‡§Ç_‡§ï‡•á_‡§∏‡§æ‡§•
#FarmersProtest https://t.co/iioXEZzx0C",0,2,Jass_k_G,145,False,lets see glass half full at least they are not against farmers
2021-03-22 19:09:01,"#23March_‡§ï‡§ø‡§∏‡§æ‡§®‡•ã‡§Ç_‡§ï‡•á_‡§∏‡§æ‡§•
These agents never want to see India Grow. 

#FarmersProtest https://t.co/eOhVCS2pcV",0,0,Gaandivdhaari,52,False,these agents never want to see india grow
2021-03-22 19:09:00,No caption needed ‚ù£Ô∏èüí™ #FarmersProtest https://t.co/sqHd28BtCc,10,18,sukh_slatch,9041,False,no caption needed
2021-03-22 19:01:11,Sunset #FarmersProtest https://t.co/t52Eiss7ZU,0,0,ParNain9,134,False,sunset
2021-03-22 18:59:49,"What a simple and beautiful thought.

#23March_‡§ï‡§ø‡§∏‡§æ‡§®‡•ã‡§Ç_‡§ï‡•á_‡§∏‡§æ‡§• #FarmersProtest https://t.co/J5he5ivnWA",1,1,UdaiShiv,8,False,what a simple and beautiful thought
2021-03-22 18:59:44,"#Maharshi
#FarmersProtest 
#FarmersProstests 
make #Maharshi  into Hindi 
#MaheshBabu  @urstrulyMahesh https://t.co/ZEY0zDdkqo",0,1,shubhamsurkar5,33,False,make into hindi
2021-03-22 18:55:23,"Never felt so broken in my life 

#23March_‡§ï‡§ø‡§∏‡§æ‡§®‡•ã‡§Ç_‡§ï‡•á_‡§∏‡§æ‡§•  #FarmersProtest",2,4,singh_harry07,398,False,never felt so broken in my life
2021-03-22 18:53:34,Natureüå± #FarmersProtest https://t.co/ODXzOzFPPe,0,0,ParNain9,134,False,nature
2021-03-22 18:53:08,"Please donate one like to stop Inhuman forces called MODI..
#FarmersProtest 
#FarmersCallBJPboycott",0,1,Maninde17345774,16,False,please donate one like to stop inhuman forces called modi
2021-03-22 18:48:33,We can see the real beauty of universe through the real nurturer ..‚ô•Ô∏èüôèüôè #FarmersProtest https://t.co/zNQTMdyTto,0,1,Sukh87061902,155,False,we can see the real beauty of universe through the real nurturer
2021-03-22 18:45:42,#FarmersProtest ‡§¨‡§ú ‡§ó‡§Ø‡•Ä ‡§ò‡§Ç‡§ü‡•Ä‡•§ Shelf life of protest provoked by #aartiyas and vacant‡§∏‡•ç‡§•‡§æ‡§®‡•Ä‡•§ https://t.co/mz7ShtHqJL,0,0,pandit_pahadi,10,False,shelf life of protest provoked by and vacant
2021-03-22 18:45:03,"BJP upset at losing Delhi elections
BJP takes away democracy from Delhi 
#23March_‡§ï‡§ø‡§∏‡§æ‡§®‡•ã‡§Ç_‡§ï‡•á_‡§∏‡§æ‡§•
#FarmersProtest https://t.co/gjDbHvGRhl",0,0,rumsomal,340,False,bjp upset at losing delhi electionsbjp takes away democracy from delhi
2021-03-22 18:37:12,"He‚Äôs the best at running a DeMockRacy - #23March_‡§ï‡§ø‡§∏‡§æ‡§®‡•ã‡§Ç_‡§ï‡•á_‡§∏‡§æ‡§•
#FarmersProtest https://t.co/Qs8bU7gdB7",0,0,jot__b,81,False,hes the best at running a demockracy
2021-03-22 18:27:37,"Today with huge crowd Farmer‚Äôs Vidhansabha March held in Bangalore.

#FarmersProtest https://t.co/Ey1es2Ty99",1,2,kanav_bawa,65,False,today with huge crowd farmers vidhansabha march held in bangalore
2021-03-22 18:25:47,"The protests aren‚Äôt just near Delhi

#FarmersProtest #IStandWithFarmers https://t.co/KIF8jVuRsm",1,1,Arun_Chowdhury,1444,False,the protests arent just near delhi
2021-03-22 18:24:47,Though Mia khalifa was a pornstar...But best blowjobs are given by Indian cricketers and bollywood celebrities.  #FarmersProtest,0,0,jashanbeer,7,False,though mia khalifa was a pornstar but best blowjobs are given by indian cricketers and bollywood celebrities
2021-03-22 18:24:44,"Listen to Throwback Bhangra Jams _ DJ Essbee by DJ Essbee}
On https://t.co/tvapYJeDKW 
#FarmersProtest #music #SoundCloud #Punjabi",0,2,lapunjabiradio,188,False,listen to throwback bhangra jams dj essbee by dj essbee on
2021-03-22 18:23:11,We are with Deep Sidhu #FreeDeepSidhu #isupportdeepsidhu #istandwithdeepsidhu #FarmersProtest https://t.co/ZYXP2rp0ha,9,15,Amanatgill2211,131,False,we are with deep sidhu
2021-03-22 18:22:21,"Farmer‚Äôs protest spreads to banglore thousend of supporters marchew towards vidhan sabha today

#FarmersProtest https://t.co/PHLUASips0",1,1,de_vassi,62,False,farmers protest spreads to banglore thousend of supporters marchew towards vidhan sabha today
2021-03-22 18:20:16,23rd Of March #BlackDay #BhagatSingh #Rajguru #Sukhdev #Heroes #FarmersProtest #NationalHeroes https://t.co/2zr0hJEqu5,0,3,Guleria_mohit,137,False,23rd of march
2021-03-22 18:20:11,"Why BJP is counting on Manjeshwaram? | #KeralaElections https://t.co/8MFLTi0GNb via @YouTube 
#23March_‡§ï‡§ø‡§∏‡§æ‡§®‡•ã‡§Ç_‡§ï‡•á_‡§∏‡§æ‡§•
#FarmersProtest",0,0,JBBal75,425,False,why bjp is counting on manjeshwaram via
2021-03-22 18:19:16,"FM RESIGN
#FMResign
#BankStrike 
#BankBachao_DeshBhachao 
#StopPrivatization 
#FarmersProtest https://t.co/9z3dtIUnfj",4,3,Kinshuk_Bansal2,8,False,fm resign deshbhachao
2021-03-22 18:14:48,Remember #FarmersProtest is still going on... üôèüôèüôè,0,0,Commonmanfunda,220,False,remember is still going on
2021-03-22 18:14:11,"Considering SILENCE to be nonviolence is a sign of our downfall, not progress.

üì¢Speak up for FARMERS of India.

#FarmersProtest

 18:14:11",0,0,DigitalKisanBot,2330,False,considering silence to be nonviolence is a sign of our downfall not progress speak up for farmers of india
2021-03-22 18:11:08,"They will sleep on the streets until these farming laws are repealed. 

#FarmersProtest #KisaanMajdoorEktaZindabaad https://t.co/z2t1Cdsf7k",2,18,RockySingh,5334,False,they will sleep on the streets until these farming laws are repealed
2021-03-22 18:06:37,So apparently @AmmyVirk and @ZeeStudios_ and Sonam bajwa coming with a movie in #Apri #boycott they are anti #FarmersProtest,0,0,jskandhari,233,False,so apparently and and sonam bajwa coming with a movie in they are anti
2021-03-22 17:45:34,"The fight for our rights is still going on.

Inquilab Zindabaad ‚úäüèº

#FarmersProtest 
#KisaanMajdoorEktaZindabaad https://t.co/vtdQrSwWsG",12,25,itsjyoti_,1638,False,the fight for our rights is still going on inquilab zindabaad
2021-03-22 17:37:39,"The MSP Guarantee Act is not difficult.

But the government is a puppet in the hands of donors.

#FarmersProtest https://t.co/siWx1QVIFg",0,1,kanav_bawa,65,False,the msp guarantee act is not difficult but the government is a puppet in the hands of donors
2021-03-22 17:33:00,What a relief #FarmersProtest https://t.co/JiY6Wmqhum,1,2,jdhillonA,1356,False,what a relief
2021-03-22 17:31:05,"By Crushing Individuals,
They Cannot Kill Ideas. - Bhagat Singh
üåæ #FarmersProtest #bhagatsingh #23marchbirthday https://t.co/r1sFrDLFnU",0,3,13SANDHU_,4152,False,by crushing individuals they cannot kill ideas bhagat singh
2021-03-22 17:29:35,#BloodDonation camp at #FarmersProtest by @_gurjotsandhu ji üëç https://t.co/n71TMUgLeE,1,4,DharmbeerLamba_,876,False,camp at by gurjotsandhu ji
2021-03-22 17:28:14,#23March_‡§ï‡§ø‡§∏‡§æ‡§®‡•ã‡§Ç_‡§ï‡•á_‡§∏‡§æ‡§•  #FarmersProtest #‡§Æ‡§®‡•Å‡§µ‡§æ‡§¶_‡§π‡•Ä_‡§Ü‡§§‡§Ç‡§ï‡§µ‡§æ‡§¶  farmers protest https://t.co/IMQ4ZWMcCW,0,1,Rupinde78638612,36,False,farmers protest
2021-03-22 17:22:57,"Yup - their lies are all being exposed. The world is watching! 

#23March_‡§ï‡§ø‡§∏‡§æ‡§®‡•ã‡§Ç_‡§ï‡•á_‡§∏‡§æ‡§•
#FarmersProtest https://t.co/U6xaVfvwOh",0,1,jot__b,81,False,yup their lies are all being exposed the world is watching
2021-03-22 17:19:05,#FarmersProtest trying to hit the economic stability of Bharath https://t.co/2KsXqW62lp,0,1,akki_shruti,519,False,trying to hit the economic stability of bharath
2021-03-22 17:17:47,Come out and support the farmers #FarmersProtest #supportfarmers #saareyandijugni https://t.co/F1F2InnNE8,0,0,Kooner247,222,False,come out and support the farmers
2021-03-22 17:15:30,Yeah right #FarmersProtest https://t.co/U5TgesrN6O,0,1,GSPANNU13,1644,False,yeah right
2021-03-22 17:13:07,"Why A Technical Proposal By FCI Could Add To Farmers‚Äô Woes - BloombergQuint 

#FarmersProtest 
https://t.co/2kcvfd0Ce7 via @GoogleNews",0,0,rajriarhughes,637,False,why a technical proposal by fci could add to farmers woes bloombergquint via
2021-03-22 17:12:09,"The best way forward is to reach out to International leaders &amp; audience about #FarmersProtest 

https://t.co/JplhGRvtbV",0,0,senthilkumarn4u,25,False,the best way forward is to reach out to international leaders &amp; audience about
2021-03-22 17:10:13,#FarmersProtest spread towards banglore! Thousands of farmers Marching towards vidhan sabha. Via: @sikhexpo https://t.co/ZunScrBDrs,9,8,jasvirpunia99,5,False,spread towards banglore thousands of farmers marching towards vidhan sabha via
2021-03-22 17:09:46,"Modi bhgao desh bachao üôè boycott BJP 
#23March_‡§ï‡§ø‡§∏‡§æ‡§®‡•ã‡§Ç_‡§ï‡•á_‡§∏‡§æ‡§•
#FarmersProtest 
#BJP_‡§ï‡§ø‡§∏‡§æ‡§®_‡§µ‡§ø‡§∞‡•ã‡§ß‡•Ä",0,1,rpro_n,2,False,modi bhgao desh bachao boycott bjp
2021-03-22 17:09:06,"Nashe Ruins Everything, Everything!
#FarmersProtest",1,4,igurbir,283,False,nashe ruins everything everything
2021-03-22 17:07:16,"You are the artist of your life 

Don‚Äôt give the paintbrush to anyone else 

#FarmersProtest",11,20,km235560,1086,False,you are the artist of your life dont give the paintbrush to anyone else
2021-03-22 17:03:43,"Patience and perseverance always takes the struggle towards success. 
#FarmersProtest 
#SupportingFarmersProtest https://t.co/QbkxvwkHyX",0,0,kaur_navroz,2,False,patience and perseverance always takes the struggle towards success
2021-03-22 17:02:55,"I keep dogale bande out of my reach ü§üüèª
#FarmersProtest",0,2,igurbir,283,False,i keep dogale bande out of my reach
2021-03-22 17:01:34,"SHAME ON BJP, THEIR BLIND HUNGER FOR POWER HAS RUINED INDIA AND IT'S DEMOCRACY.               #FarmersProtest https://t.co/YTXhGFz3CG",5,5,g_veer_kaur,407,False,shame on bjp their blind hunger for power has ruined india and its democracy
2021-03-22 17:01:20,"Protests are not confined to 2 states

#23_‡§Æ‡§æ‡§∞‡•ç‡§ö_‡§∂‡§π‡•Ä‡§¶_‡§¶‡§ø‡§µ‡§∏ #FarmersProtest https://t.co/of1XLrPV1g",0,0,Simran_R,176,False,protests are not confined to 2 states
2021-03-22 16:57:23,"BJP is anti democracy 
#23March_‡§ï‡§ø‡§∏‡§æ‡§®‡•ã‡§Ç_‡§ï‡•á_‡§∏‡§æ‡§•
#FarmersProtest https://t.co/XVkoHsQHmZ",0,0,rumsomal,340,False,bjp is anti democracy
2021-03-22 16:56:25,"This is too good. Pls watch ‚ÄúNo Vote for BJP‚Äù
#FarmersProtest 
#23March_‡§ï‡§ø‡§∏‡§æ‡§®‡•ã‡§Ç_‡§ï‡•á_‡§∏‡§æ‡§• https://t.co/QYKgjh22Ne",0,0,nutanguriya95,84,False,this is too good pls watch no vote for bjp
2021-03-22 16:50:00,"An essay on #FarmersProtest by a little Champ............kudos üéØ

#vgaurav 
@ABHIJIT_LS https://t.co/gLvET8KOh3",7,19,vikasgauraviyc,8054,False,an essay on by a little champ kudos ls
2021-03-22 16:48:35,"Gurnam Singh Chaduni reached Rajasthan. There he was supported by the Muslim community. 
#FarmersProtest",1,4,hiestprofessor,464,False,gurnam singh chaduni reached rajasthan there he was supported by the muslim community
2021-03-22 16:43:39,You go sir ‚úäüëçüå±üå±üë©‚Äçüåæüßë‚Äçüåæüïäüåç#FarmersProtest https://t.co/SzFZDILZ8X,0,0,OptimisticSanti,342,False,you go sir
2021-03-22 16:37:45,"Placing boards outside temples in Uttarakhand. That no non-Hindus should enter here. This is dictatorship. 
#FarmersProtest",0,1,hiestprofessor,464,False,placing boards outside temples in uttarakhand that no non hindus should enter here this is dictatorship
2021-03-22 16:36:07,"You should also thanks Punjab, Delhi and Andhra Pradesh for not electing BJP üòÇüòÇ
#FarmersProtest https://t.co/I2nApa9Awo",0,0,Teamkisaan1,145,False,you should also thanks punjab delhi and andhra pradesh for not electing bjp
2021-03-22 16:34:57,sikhnews247: 1inaMillion08: This is a GEM! #FarmersProtest #StandWithFarmers #Tractor2Twitter https://t.co/PL3WAR1FyR,0,0,sikhnews247,176,False,sikhnews247 1inamillion08 this is a gem
2021-03-22 16:31:08,"Some people are annoying? They don't leave you any choice but block themü§¶

#FarmersProtest",3,17,KaurPunjabian,823,False,some people are annoying they dont leave you any choice but block them
2021-03-22 16:27:06,"Btw farmers are still protesting.üåæ
#FarmersProtest #300DeathsAtProtest",6,17,BillingRajneet,138,False,btw farmers are still protesting
2021-03-22 16:26:29,"We will remember what they did to us. They always had a choice to do the right thing in the right way. 
#FarmersProtest",2,3,SekhonGurkanwal,113,False,we will remember what they did to us they always had a choice to do the right thing in the right way
2021-03-22 16:15:32,Now you feel when nobody is talking about your protest on national media that' was same for #FarmersProtest      #BoycottPrivatization,1,1,devil_lucifer_m,138,False,now you feel when nobody is talking about your protest on national media that was same for
2021-03-22 16:13:06,We stand üßç‚Äç‚ôÇÔ∏èwith the #FarmersProtest üßç‚Äç‚ôÄÔ∏è https://t.co/2RGVH8Z1bQ,3,3,DenisNishant,237,False,we stand with the
2021-03-22 16:07:08,"Nice!

#23March_‡§ï‡§ø‡§∏‡§æ‡§®‡•ã‡§Ç_‡§ï‡•á_‡§∏‡§æ‡§•
#FarmersProtest https://t.co/n8l5B7yWuC",3,10,kaurgillv,2554,False,nice
2021-03-22 16:04:06,Thank you so much and would like to thank @ninadgavankar ji for initiating this strike #hungerstrike #farmersprotest https://t.co/yWogsqoQ3Z,10,15,ashwini_mishraa,2048,False,thank you so much and would like to thank ji for initiating this strike
2021-03-22 15:57:54,"Here comes the new toolkit agenda...after #FarmersProtest epic failure.
Try One Try All.... https://t.co/TcxAcWDRNl",0,0,immeeky1,62,False,here comes the new toolkit agenda after epic failure try one try all
2021-03-22 15:55:31,"Welcome to #Jaipur @RakeshTikaitBKU 
#FarmersProtest üöú‚úä https://t.co/fhGmiUi5ID",0,0,Neelam03995491,24,False,welcome to
2021-03-22 15:47:00,Well done #FarmersProtest https://t.co/pq4NT7GGxK,0,1,sangram_enm,4527,False,well done
2021-03-22 15:45:23,No farmers no food ride sector 17 #23March_‡§ï‡§ø‡§∏‡§æ‡§®‡•ã‡§Ç_‡§ï‡•á_‡§∏‡§æ‡§• #FarmersProtest https://t.co/aRJMTy23wL,3,8,DHALIWALBIKSY,791,False,no farmers no food ride sector 17
2021-03-22 15:42:30,"#FarmersProtest
#23March_‡§ï‡§ø‡§∏‡§æ‡§®‡•ã‡§Ç_‡§ï‡•á_‡§∏‡§æ‡§•

VEER RANJIT SINGH DA OFFICIAL TWITTER ACCOUNT...
Follow @RanjitS29405845 https://t.co/ZA6fIzDEQ5",0,1,Simrankaur0408,127,False,veer ranjit singh da official twitter account follow
2021-03-22 15:41:45,"Resonates with #FarmersProtest India @Devinder_Sharma The table is already set, the menu limited.... https://t.co/6CPzUKyNrJ",0,0,samcontemporary,77,False,resonates with india sharma the table is already set the menu limited
2021-03-22 15:36:11,nice to see our brothers and sisters in the south supporting #FarmersProtest https://t.co/auyGY1WvNJ,0,1,ruby_roniece,96,False,nice to see our brothers and sisters in the south supporting
2021-03-22 15:34:10,"Thread!!!!
#FarmersProtest https://t.co/EeZNwo1mHB",0,0,PMdontCARES,191,False,thread
2021-03-22 15:32:55,"No Farmers No Food
#FarmersProtest https://t.co/ozFR3FwFDY",0,0,OfficialSunny26,15,False,no farmers no food
2021-03-22 15:32:37,"It‚Äôs now or never ‚úäüèæ
#23March_‡§ï‡§ø‡§∏‡§æ‡§®‡•ã‡§Ç_‡§ï‡•á_‡§∏‡§æ‡§•
#IStandWithFarmers
#FarmersProtest",1,0,KaranjSandhu,46,False,its now or never
2021-03-22 15:32:28,We are behind our Farmers a 100%. #FarmersProtest #23March_‡§ï‡§ø‡§∏‡§æ‡§®‡•ã‡§Ç_‡§ï‡•á_‡§∏‡§æ‡§• https://t.co/yew42VExxe,8,10,ParmKaur06,398,False,we are behind our farmers a 100%
2021-03-22 15:28:51,"Lock down is an excuse, the real purpose is to remove the peasant movement #FarmersProtest #NoVoteToBJP #IndianFarmersHumanRights",0,1,PavanManjhinsui,61,False,lock down is an excuse the real purpose is to remove the peasant movement
2021-03-22 15:28:12,"Farmers feed the WORLD.

 A big thanks to all our farmers for all they do to keep food on our tables.
#FarmersProtest

 15:28:12",1,3,DigitalKisanBot,2330,False,farmers feed the world a big thanks to all our farmers for all they do to keep food on our tables
2021-03-22 15:22:33,"In memory of 300+ farmers who lost their lives in protest. Via: @SaffronStudios .
#FarmersProtest #NoFarmers_NoFood https://t.co/BCe7G4cNGu",0,2,jasvirpunia99,5,False,in memory of 300+ farmers who lost their lives in protest via nofood
2021-03-22 15:19:44,"Shame on Modi Government
#23March_‡§ï‡§ø‡§∏‡§æ‡§®‡•ã‡§Ç_‡§ï‡•á_‡§∏‡§æ‡§• 
#FarmersProtest https://t.co/4ekPqNQ5Gw",1,0,Babanjot2,15,False,shame on modi government
2021-03-22 15:17:47,"A sustainable living should be a right in any democracy

#FarmersProtest https://t.co/lT9AJEd1r6",0,0,TheKnumskull,42,False,a sustainable living should be a right in any democracy
2021-03-22 15:14:20,Ban the sale of food below the cost of production. #farmersprotest #nofarmersnofood https://t.co/tJlvsXIbVy,0,0,daljitkaursoni,89,False,ban the sale of food below the cost of production
2021-03-22 15:14:12,"I stand in solidarity with our farmers. Do you? #IStandWithFarmers #FarmersProtest

 15:14:12",2,3,DigitalKisanBot,2330,False,i stand in solidarity with our farmers do you
2021-03-22 14:50:50,"That current banner pic of mine.
üòç
#FarmersProtest I wanna be such Farmer.",1,4,AniruddhasT,1865,False,that current banner pic of mine i wanna be such farmer
2021-03-22 14:46:28,"Hitler Modi Against Farmers
#23March_‡§ï‡§ø‡§∏‡§æ‡§®‡•ã‡§Ç_‡§ï‡•á_‡§∏‡§æ‡§• 
#FarmersProtest https://t.co/WOnuscl1um",1,0,amannahel,344,False,hitler modi against farmers
2021-03-22 14:44:16,"BJP has film awards?
#23March_‡§ï‡§ø‡§∏‡§æ‡§®‡•ã‡§Ç_‡§ï‡•á_‡§∏‡§æ‡§•
#FarmersProtest https://t.co/ier3otxZf7",1,2,rumsomal,340,False,bjp has film awards
2021-03-22 14:37:53,"Thank you for the update @HarteerathSingh!
#FarmersProtest = #HumanRights
#StandWithFarmers #23March_‡§ï‡§ø‡§∏‡§æ‡§®‡•ã‡§Ç_‡§ï‡•á_‡§∏‡§æ‡§• https://t.co/VfJ8pKIPUP",0,0,rebelpacifist,259,False,thank you for the update
2021-03-22 14:36:34,"If the Deaf have to hear, the Sound has to be very loud.  - BHAGAT SINGH #23March_‡§ï‡§ø‡§∏‡§æ‡§®‡•ã‡§Ç_‡§ï‡•á_‡§∏‡§æ‡§•  #FarmersProtest",18,31,ParmKaur06,398,False,if the deaf have to hear the sound has to be very loud bhagat singh
2021-03-22 14:33:38,That's determination! #23March_‡§ï‡§ø‡§∏‡§æ‡§®‡•ã‡§Ç_‡§ï‡•á_‡§∏‡§æ‡§• #FarmersProtest https://t.co/QbPUKGF4UD,0,2,ruby_roniece,96,False,thats determination
2021-03-22 14:31:30,@O_Mirzya's account has been withheld in India in response to a legal demand. Learn more.,1,1,O_Mirzya,154,False,mirzyas account has been withheld in india in response to a legal demand learn more
2021-03-22 14:30:14,"Exactly üôè But sirf ohna de nazar ch

#FarmersProtest 

#23March_‡§ï‡§ø‡§∏‡§æ‡§®‡•ã‡§Ç_‡§ï‡•á_‡§∏‡§æ‡§• https://t.co/YPyvmOHmy1",2,3,Iamjazzie96,3720,False,exactly but sirf ohna de nazar ch
2021-03-22 14:30:14,The #FarmersProtest is not just a protest. It's the beginning of a revolution.,151,510,Elizatweetz,20288,False,the is not just a protest its the beginning of a revolution
2021-03-22 14:30:07,100% anything less is just lip service. #FarmersProtest https://t.co/g0jcpsjwtE,0,0,ruby_roniece,96,False,100% anything less is just lip service
2021-03-22 14:17:27,"Boycott Reliance Products
Boycott jio
#23March_‡§ï‡§ø‡§∏‡§æ‡§®‡•ã‡§Ç_‡§ï‡•á_‡§∏‡§æ‡§• 
#FarmersProtest https://t.co/LTrVs61jEM",2,1,amannahel,344,False,boycott reliance productsboycott jio
2021-03-22 14:09:24,"Amazing.
#FarmersProtest https://t.co/ffEXMz45jc",0,0,Teamkisaan1,145,False,amazing
2021-03-22 14:08:43,"We shall reap the wheat too as well as continue to stand up for our rights':)
#FarmersProtest",157,508,NavdeepSingh_7,7460,False,we shall reap the wheat too as well as continue to stand up for our rights )
2021-03-22 14:08:37,"The truth is 97% people support #FarmersProtest in TN
you know about the 3% https://t.co/4gTZZGpknt",0,0,Pradeep_E_,110,False,the truth is 97% people support in tnyou know about the 3%
2021-03-22 14:07:59,Professor Virinder Kalra discussing the farm protests in India. #kisan #FarmersProtest https://t.co/N0ZDBY1BEh,1,9,SocioWarwick,11537,False,professor virinder kalra discussing the farm protests in india
2021-03-22 14:06:24,"NHAI suffers Rs 814 cr toll loss in 3 states due to farmers' protest https://t.co/Cz97ecd49o
#FarmersProtest #Hyderabad #Mumbai #Bengaluru",3,0,iamazeems,239,False,nhai suffers rs 814 cr toll loss in 3 states due to farmers protest
2021-03-22 14:05:07,This is massive support from TN for the #FarmersProtest https://t.co/MJg4NTuIRN,1,1,Neelambaran123,238,False,this is massive support from tn for the
2021-03-22 14:04:16,"Great painting...

#FarmersProtest #kissanmorcha https://t.co/v6gwdocoUJ",0,1,neet_guneet,269,False,great painting
2021-03-22 14:02:15,"Pay your tributes by supporting farmers rights.
#KisanMajdoorEktaZindabad
#FarmersProtest https://t.co/wJdrHb6TwS",0,1,KaurAujla2,722,False,pay your tributes by supporting farmers rights
2021-03-22 14:01:48,81% of the respondents in the Puthiya Thalaimurai poll survey support Delhi #FarmersProtest. https://t.co/UXBHIEvZGo,11,53,Mugilan__C,9320,False,81% of the respondents in the puthiya thalaimurai poll survey support delhi
2021-03-22 13:59:55,"This is big

@PTTVOnlineNews opinion poll says 81.20% people support #FarmersProtest",264,1272,Ahmedshabbir20,77745,True,this is big opinion poll says 81 20% people support
2021-03-22 13:59:15,"#FarmersProtest , yesterday https://t.co/grQmB87W4A",0,1,trend_nosig,230,False,yesterday
2021-03-22 13:56:20,Makes sense #FarmersProtest https://t.co/A2NPTfTXf9,0,3,amanmangat08,0,False,makes sense
2021-03-22 13:53:49,"Keep supporting farmers boycott bjp
#23March_‡§ï‡§ø‡§∏‡§æ‡§®‡•ã‡§Ç_‡§ï‡•á_‡§∏‡§æ‡§• 
#FarmersProtest https://t.co/du6ixBU7Q8",3,1,DhaliwalSandee4,1053,False,keep supporting farmers boycott bjp
2021-03-22 13:50:25,"Support farmers boycott bjp
#23March_‡§ï‡§ø‡§∏‡§æ‡§®‡•ã‡§Ç_‡§ï‡•á_‡§∏‡§æ‡§• 
#FarmersProtest https://t.co/no6cT2tKDn",5,5,DhaliwalSandee4,1053,False,support farmers boycott bjp
2021-03-22 13:48:20,"Farmers are back bone of economy
#23March_‡§ï‡§ø‡§∏‡§æ‡§®‡•ã‡§Ç_‡§ï‡•á_‡§∏‡§æ‡§• 
#FarmersProtest https://t.co/xG5cnZtd9i",3,1,DhaliwalSandee4,1053,False,farmers are back bone of economy
2021-03-22 13:42:17,#ropar by-pass shut down by #farmers #farmersprotest https://t.co/laUYNv3H0U,0,0,arshsinghs,10,False,by pass shut down by
2021-03-22 13:40:53,"#FarmersProtest 
Hey guys take note of it! https://t.co/7HrpjX9qUo",0,0,Pradeep22587909,77,False,hey guys take note of it
2021-03-22 13:28:20,"Let's not forget that Farmers are still protesting.

#23March_‡§ï‡§ø‡§∏‡§æ‡§®‡•ã‡§Ç_‡§ï‡•á_‡§∏‡§æ‡§• 
#FarmersProtest",1,1,DewOnTheSand154,7,False,lets not forget that farmers are still protesting
2021-03-22 13:28:11,"It's NOW or NEVER

üì¢Speak up against the Injustice and Oppression of FARMERS

#FarmersProtest

 13:28:11",1,0,DigitalKisanBot,2330,False,its now or neverspeak up against the injustice and oppression of farmers
2021-03-22 13:25:46,This is the time we all have to stay united and support #FarmersProtest,3,4,amarsran,1091,False,this is the time we all have to stay united and support
2021-03-22 13:25:42,"This is great idea
#23March_‡§ï‡§ø‡§∏‡§æ‡§®‡•ã‡§Ç_‡§ï‡•á_‡§∏‡§æ‡§•
#FarmersProtest https://t.co/ZMXgt76kF2",2,2,Jass_k_G,145,False,this is great idea
2021-03-22 13:24:12,The whole world is supporting #FarmersProtest why can‚Äôt the Indian government see,2,3,amarsran,1091,False,the whole world is supporting why cant the indian government see
2021-03-22 13:22:59,Farmers are our  pride I will always support #FarmersProtest,2,3,amarsran,1091,False,farmers are our pride i will always support
2021-03-22 13:20:17,"Thank you
#23March_‡§ï‡§ø‡§∏‡§æ‡§®‡•ã‡§Ç_‡§ï‡•á_‡§∏‡§æ‡§•
#FarmersProtest https://t.co/fpat0QgP5L",2,1,Jass_k_G,145,False,thank you
2021-03-22 13:15:59,"All Corrupted Chor BJP

#FarmersProtest
#23March_‡§ï‡§ø‡§∏‡§æ‡§®‡•ã‡§Ç_‡§ï‡•á_‡§∏‡§æ‡§• https://t.co/qZbxdzqm8o",4,6,ninabhullar1,1928,False,all corrupted chor bjp
2021-03-22 13:14:11,"The most common way people give up their POWER is by thinking they don‚Äôt have any.

Speak up!

#FarmersProtest

 13:14:11",1,1,DigitalKisanBot,2330,False,the most common way people give up their power is by thinking they dont have any speak up
2021-03-22 13:12:12,"I wish Punjabis welcome Akalis like this instead of going to their rallies.

Watch and learn .

#FarmersProtest https://t.co/9PnrBbvbbZ",15,29,Navneet_Tweets_,1025,False,i wish punjabis welcome akalis like this instead of going to their rallies watch and learn
2021-03-22 13:09:04,"Please do watch.
#23March_‡§ï‡§ø‡§∏‡§æ‡§®‡•ã‡§Ç_‡§ï‡•á_‡§∏‡§æ‡§• 
#FarmersProtest https://t.co/EOAo9HxHV3",1,2,nutanguriya95,84,False,please do watch
2021-03-22 12:57:56,"How long can you go without Internet on your phone ? 

Sleeping time won‚Äôt count. üòÇ

Be honest lol

#FarmersProtest",1,8,Savekisaan,1361,False,how long can you go without internet on your phone sleeping time wont count be honest lol
2021-03-22 12:50:49,Defence Ministry signs contract with MDSL for buying 1300 made in India specialist vehicles for Army - Times Now#farmers #farmersprotest,0,0,ShivinderST,17,False,defence ministry signs contract with mdsl for buying 1300 made in india specialist vehicles for army times now
2021-03-22 12:49:04,Today's acquisition! #FarmersProtest https://t.co/P1Vq9qoCxQ,0,16,Waseem_BLR,4906,False,todays acquisition
2021-03-22 12:40:30,"Great
#FarmersProtest https://t.co/5ob2mn9KpM",0,0,Sakina19589846,93,False,great
2021-03-22 12:39:47,"Think about farmers 
#BoycottBJP_4Farmers 
#FarmersProtest 
#Jumla_Nahin_MSP_Do 
#ajjtak
#ZeeNewsForever https://t.co/cQN0OloAwi",0,0,BobbySi97860222,1,False,think about farmers 4farmers nahin msp do
2021-03-22 12:28:49,Boycott BJP for Farmers #23March_‡§ï‡§ø‡§∏‡§æ‡§®‡•ã‡§Ç_‡§ï‡•á_‡§∏‡§æ‡§• #FarmersProtest,1,0,Preetkaur888,350,False,boycott bjp for farmers
2021-03-22 12:28:13,"'Making PM-Kisan more inclusive is an important step'

#FarmersProtest
https://t.co/l9pDDWAUAQ",0,0,dev_discourse,86238,False,making pm kisan more inclusive is an important step
2021-03-22 12:27:15,"Janta curfew anniversary..üòÇüòÇüòÇ
#FarmersProtest 
#23March_‡§ï‡§ø‡§∏‡§æ‡§®‡•ã_‡§ï‡•á_‡§∏‡§æ‡§• https://t.co/xf0L5pmlzW",1,1,iamgurpreetmaan,1158,False,janta curfew anniversary
2021-03-22 12:12:09,"Unity will get us there
#23March_‡§ï‡§ø‡§∏‡§æ‡§®‡•ã‡§Ç_‡§ï‡•á_‡§∏‡§æ‡§•
#FarmersProtest https://t.co/6vFG1u9YnI",1,0,rumsomal,340,False,unity will get us there
2021-03-22 12:07:26,Good morning everyone and. Good evening #23March_‡§ï‡§ø‡§∏‡§æ‡§®‡•ã‡§Ç_‡§ï‡•á_‡§∏‡§æ‡§•         #FarmersProtest,17,16,with_kaur,1384,False,good morning everyone and good evening
2021-03-22 12:01:49,"Breaking news
#FarmersProtest https://t.co/Vm4xPs1Dk9",3,4,IshwarSinghDha6,1106,False,breaking news
2021-03-22 11:59:11,I support #FarmersProtest https://t.co/3ZDQFgpeQD,0,0,RahimSh08930225,144,False,i support
2021-03-22 11:53:20,"Good morning.
#FarmersProtest",4,4,Savekisaan,1361,False,good morning
2021-03-22 11:50:47,Army to get 1300 made in India specialist vehicles - ANI News#farmers #farmersprotest,0,0,ShivinderST,17,False,army to get 1300 made in india specialist vehicles ani news
2021-03-22 11:50:40,#FarmersProtest is still ON please support them üôè https://t.co/ZyBpstcgkQ,0,0,Dillifoodstuck,17,False,is still on please support them
2021-03-22 11:40:36,"Blatant speech on peasant movement by @DivyaMaderna Ji 
#FarmersProtest üáÆüá≥üáÆüá≥ https://t.co/Hi64wV3Pa7",0,1,arvind_inaniyan,285,False,blatant speech on peasant movement by ji
2021-03-22 11:40:09,"How it started and how it Endedüî•
#FarmersProtest https://t.co/V4V4A3Xc6i",13,31,Yuvrajsv1rk,808,False,how it started and how it ended
2021-03-22 11:40:02,Hope all will be well. #FarmersProtest https://t.co/oyo0qDbcJ7,0,0,RealRavs,747,False,hope all will be well
2021-03-22 11:38:51,Canadian @CBCTheNational excellent coverage of the #FarmersProtest in India. https://t.co/spJzgpVnz3,0,0,onnnia1,495,False,canadian excellent coverage of the in india
2021-03-22 10:58:41,"Bail granted to 
Mohinder Singh ji Khalsa
Mandeep Singh
Akashpreet Singh

Just 6 more brothers are inside prison now

#FarmersProtest",128,460,HarteerathSingh,1889,False,bail granted to mohinder singh ji khalsamandeep singhakashpreet singhjust 6 more brothers are inside prison now
2021-03-22 10:51:02,"Save democracy save india oppose
Dictatorship
#FarmersProtest 
#modi_rojgar_‡§¶‡•ã 
#modi_job_do 
#BoycottBJP_4Farmers https://t.co/Ft1aqMiS3D",1,2,MdAzhar23269776,6,False,save democracy save india opposedictatorship rojgar job do 4farmers
2021-03-22 10:50:47,How the paper industry has been affected by the 3 ‚ÄòC‚Äô factors - BusinessLine#farmers #farmersprotest,0,0,ShivinderST,17,False,how the paper industry has been affected by the 3 c factors businessline
2021-03-22 10:48:52,Bas EVM ban ho jaye ta sab leaders fair treeke naal hi choose hon ge #FarmersProtest  #23March_‡§ï‡§ø‡§∏‡§æ‡§®‡•ã‡§Ç_‡§ï‡•á_‡§∏‡§æ‡§• https://t.co/ZbRJVKaZX5,3,5,Aman_Sandhu05,464,False,bas evm ban ho jaye ta sab leaders fair treeke naal hi choose hon ge
2021-03-22 10:35:12,Support #FarmersProtest! https://t.co/N96wIW8sEl,0,0,AmalChatterje,258,False,support
2021-03-22 10:33:10,"""If the deaf are to hear, the sound has to be very loud‚Äù

#FarmersProtest
#23March_‡§ï‡§ø‡§∏‡§æ‡§®‡•ã‡§Ç_‡§ï‡•á_‡§∏‡§æ‡§• https://t.co/UtYTeFTSkn",0,3,gillrazan,34,False,if the deaf are to hear the sound has to be very loud
2021-03-22 10:31:59,hoping and praying that @amaanbali is safe. been the most constant source of information regarding the #FarmersProtest,0,0,hazzasgayvodkaa,149,False,hoping and praying that is safe been the most constant source of information regarding the
2021-03-22 10:22:31,"Please support farmers which ever way you can
#BoycottBJP_4Farmers
 #FarmersProtest",1,1,shells_n_petals,616,False,please support farmers which ever way you can 4farmers
2021-03-22 10:22:23,"Rally in support of Indian Farmers in Mission, BC 
March 20th, 2021

#FarmersProtest https://t.co/eV2Ujis5Qh",8,9,shells_n_petals,616,False,rally in support of indian farmers in mission bc march 20th 2021
2021-03-22 10:22:15,Stay safe #FarmersProtest https://t.co/MWGhHmgvRZ,0,0,singhaman_1988,43,False,stay safe
2021-03-22 10:21:54,"Farmers ready for a long haul.

#BoycottBJP_4Farmers 
#FarmersProtest https://t.co/65dsfCSP5n",0,0,shells_n_petals,616,False,farmers ready for a long haul 4farmers
2021-03-22 10:21:35,"We Stand Together  ‚àö‚àö

#BoycottBJP_4Farmers
#FarmersProtest https://t.co/lEX1p8Qf12",0,0,shells_n_petals,616,False,we stand together 4farmers
2021-03-22 10:21:26,"FARMING IS NOT,
JUST A JOB,
IT'S WAY OF LIFE .
#BoycottBJP_4Farmers
#FarmersProtest https://t.co/fy5wF9OgYu",1,1,shells_n_petals,616,False,farming is not just a job its way of life 4farmers
2021-03-22 10:21:16,"Our volunteers are our heroes ‚úäÔèΩ

#FarmersProtest https://t.co/OC3mnFJBOH",6,6,shells_n_petals,616,False,our volunteers are our heroes
2021-03-22 10:20:28,Thank you for admitting the duty. Many does not. They oppose #FarmersProtest. https://t.co/BZJYs1BuA0,0,1,AFarmer1111,205,False,thank you for admitting the duty many does not they oppose
2021-03-22 10:18:14,#FarmersProtest with sunam https://t.co/PqJdwH2lxc,0,0,RaviSin65316632,2,False,with sunam
2021-03-22 10:16:00,All is well üòä‚úä‚¨áÔ∏è #FarmersProtest #FreePress https://t.co/psNYOEq9Aw,0,0,loyal90901246,92,False,all is well
2021-03-22 10:11:53,"No more jumla
#23March_‡§ï‡§ø‡§∏‡§æ‡§®‡•ã‡§Ç_‡§ï‡•á_‡§∏‡§æ‡§• 
#FarmersProtest https://t.co/wHkD2jZi6i",3,0,amannahel,344,False,no more jumla
2021-03-22 10:08:01,"Still Missing 
#Farmersprotest https://t.co/VKgk65eGWO",3,1,GrewalAmarjyot,159,False,still missing
2021-03-22 10:06:30,1inaMillion08: This is a GEM! #FarmersProtest #StandWithFarmers #Tractor2Twitter https://t.co/BCnHk3DJte,0,0,sikhnews247,176,False,1inamillion08 this is a gem
2021-03-22 09:55:33,"oh man, I didn't #FarmersProtest  #23March_‡§ï‡§ø‡§∏‡§æ‡§®‡•ã‡§Ç_‡§ï‡•á_‡§∏‡§æ‡§• https://t.co/II9R2894NS",2,1,Ramanpreet01,44,False,oh man i didnt
2021-03-22 09:54:45,Will fight till win #FarmersProtest  #23March_‡§ï‡§ø‡§∏‡§æ‡§®‡•ã‡§Ç_‡§ï‡•á_‡§∏‡§æ‡§• https://t.co/PWvXlLYPDr,3,3,Aman_Sandhu05,464,False,will fight till win
2021-03-22 09:53:48,Waheguru bless each and everyone who is supporting our farmers #FarmersProtest #23March_‡§ï‡§ø‡§∏‡§æ‡§®‡•ã‡§Ç_‡§ï‡•á_‡§∏‡§æ‡§• https://t.co/ep31fyQQ6T,4,5,Aman_Sandhu05,464,False,waheguru bless each and everyone who is supporting our farmers
2021-03-22 09:53:43,APPEAL to REPEAL #farmbills #FarmersProtest #FarmersCallBJPboycott #FarmLaws #isupportfarmers #IStandWithFarmers #COVID19,1,1,SCRattleSnake,10,False,appeal to repeal
2021-03-22 09:52:35,I stand with Farmers and will be with Farmers to the end. #FarmersProtest #23March_‡§ï‡§ø‡§∏‡§æ‡§®‡•ã‡§Ç_‡§ï‡•á_‡§∏‡§æ‡§•,6,7,ParmKaur06,398,False,i stand with farmers and will be with farmers to the end
2021-03-22 09:50:54,"Good News.....

#FarmersProtest https://t.co/qlD0FjucUO",0,0,bababohad,125,False,good news
2021-03-22 09:49:18,"#23March_‡§ï‡§ø‡§∏‡§æ‡§®‡•ã‡§Ç_‡§ï‡•á_‡§∏‡§æ‡§• 
#FarmersProtest 

We will WIN. Continue the fight for rights.

THROW OUT the TRASH BJP. https://t.co/Mt9tiunNaR",1,0,shells_n_petals,616,False,we will win continue the fight for rights throw out the trash bjp
2021-03-22 09:48:51,Very nice #FarmersProtest  #23March_‡§ï‡§ø‡§∏‡§æ‡§®‡•ã‡§Ç_‡§ï‡•á_‡§∏‡§æ‡§• https://t.co/RvD1uXqha5,4,1,Aman_Sandhu05,464,False,very nice
2021-03-22 09:47:07,"indain farmers protest against modi sarkar
#FarmersProtest #modisarkar #Khalistan https://t.co/w87PzZf33q",0,0,EMRAUrdu,29,False,indain farmers protest against modi sarkar
2021-03-22 09:42:02,"It's not about if you are interested in tweeting

It's a need of the hour to tweet for #FarmersProtest 

#23March_‡§ï‡§ø‡§∏‡§æ‡§®‡•ã‡§Ç_‡§ï‡•á_‡§∏‡§æ‡§•",5,8,YoYoDavySingh,204,False,its not about if you are interested in tweetingits a need of the hour to tweet for
2021-03-22 09:40:18,"India‚Äôs farmers and Myanmar standing together in protest at Washington DC.

#FarmersProtest

 https://t.co/1UIGw3Gnu5",0,1,global_voice11,209,False,indias farmers and myanmar standing together in protest at washington dc
2021-03-22 09:38:51,"Youth participation at the #FarmersProtest

 https://t.co/tp3fQSL3zz",0,0,global_voice11,209,False,youth participation at the
2021-03-22 09:28:08,"Never be afraid to raise your voice for honesty and truth and compassion AGAINST injustice, lying and greed.

#FarmersProtest

 09:28:08",3,2,DigitalKisanBot,2330,False,never be afraid to raise your voice for honesty and truth and compassion against injustice lying and greed
2021-03-22 09:27:16,"Something for the Modi Bhakts to understand!!!
#FarmersProtest
#isupportfarmersprotest
#KisanEktaZindaabaad https://t.co/OVJpJEgvvg",0,1,5ab1989,51,False,something for the modi bhakts to understand
2021-03-22 09:22:27,"Check out ""Solidarity with Indian Farmer's Protest"" https://t.co/S4BZmlmVOf @EventbriteUK #FarmersProtest ‚úäüöúüåæ",0,0,loyal90901246,92,False,check out solidarity with indian farmers protest
2021-03-22 09:20:31,Salute to each and every woman supporters #FarmersProtest  #23March_‡§ï‡§ø‡§∏‡§æ‡§®‡•ã‡§Ç_‡§ï‡•á_‡§∏‡§æ‡§• https://t.co/Vudy927QCg,4,3,Aman_Sandhu05,464,False,salute to each and every woman supporters
2021-03-22 09:18:38,"#FarmersProtest 

#Politics in the name of #Farmers 
Via @AmarUjalaNews https://t.co/qXMCe0QiuF",1,3,TheNisargSoni,92,False,in the name of via
2021-03-22 09:18:30,"Now who did this? ü§£ü§£ü§£ü§£
@narendramodi @AmitShah @ZeeNews 
@kunalkamra88 

#FarmersProtest #FarmersCallBJPboycott https://t.co/9KCyXRB0PA",6,5,jasvinderkoharh,153,False,now who did this
2021-03-22 09:16:08,Me neither #FarmersProtest #23March_‡§ï‡§ø‡§∏‡§æ‡§®‡•ã‡§Ç_‡§ï‡•á_‡§∏‡§æ‡§• https://t.co/jqAFtbL7IA,3,3,Aman_Sandhu05,464,False,me neither
2021-03-22 09:15:23,What farmers want is MSP not your laws. #FarmersProtest #23March_‡§ï‡§ø‡§∏‡§æ‡§®‡•ã‡§Ç_‡§ï‡•á_‡§∏‡§æ‡§• https://t.co/iEa2KqcDdJ,2,3,the_socialist7,57,False,what farmers want is msp not your laws
2021-03-22 09:14:04,#23March_‡§ï‡§ø‡§∏‡§æ‡§®‡•ã‡§Ç_‡§ï‡•á_‡§∏‡§æ‡§•  #FarmersProtest  Reasons to Roar louder on 23 March .....,2,2,shells_n_petals,616,False,reasons to roar louder on 23 march
2021-03-22 09:12:22,"We are from Bhagat Singh's nation, we will return with rights.

#23March_‡§ï‡§ø‡§∏‡§æ‡§®‡•ã‡§Ç_‡§ï‡•á_‡§∏‡§æ‡§• 
#FarmersProtest https://t.co/xz7j40X1Pf",3,5,shells_n_petals,616,False,we are from bhagat singhs nation we will return with rights
2021-03-22 09:09:12,True #FarmersProtest  #23March_‡§ï‡§ø‡§∏‡§æ‡§®‡•ã‡§Ç_‡§ï‡•á_‡§∏‡§æ‡§• https://t.co/hKyJ86hRlt,3,4,Aman_Sandhu05,464,False,true
2021-03-22 09:08:49,Yes will fight till win #FarmersProtest  #23March_‡§ï‡§ø‡§∏‡§æ‡§®‡•ã‡§Ç_‡§ï‡•á_‡§∏‡§æ‡§• https://t.co/7bT17ZKf5S,7,4,Aman_Sandhu05,464,False,yes will fight till win
2021-03-22 09:08:45,"Retweet please

#23March_‡§ï‡§ø‡§∏‡§æ‡§®‡•ã‡§Ç_‡§ï‡•á_‡§∏‡§æ‡§•
#FarmersProtest https://t.co/BLV4E4vgFv",8,7,kaurgillv,2554,False,retweet please
2021-03-22 09:08:16,country can be changed only by education . #education #FarmersProtest,0,0,Ikrar54164285,8,False,country can be changed only by education
2021-03-22 09:07:15,"Relevant to today‚Äôs time, right? A short cover by me.
#23March_‡§ï‡§ø‡§∏‡§æ‡§®‡•ã‡§Ç_‡§ï‡•á_‡§∏‡§æ‡§• 
#FarmersProtest https://t.co/ExLfpe5Nla",7,13,llHarleenII,175,False,relevant to todays time right a short cover by me
2021-03-22 08:58:52,Karnataka's Hero Sangolli Rayanna Watches on as the Farmers march on for their freedom! #Bengaluru #FarmersProtest https://t.co/ybOar2Cb0R,2,27,Waseem_BLR,4906,False,karnatakas hero sangolli rayanna watches on as the farmers march on for their freedom
2021-03-22 08:58:13,"Remember And Never Forget Shaheed Bhagat singh 23march 1931.
#23March_‡§ï‡§ø‡§∏‡§æ‡§®‡•ã‡§Ç_‡§ï‡•á_‡§∏‡§æ‡§• Bhagat Singh #FarmersProtest https://t.co/CrP0kH1sCP",0,0,BRmaan01,10,False,remember and never forget shaheed bhagat singh 23march 1931 bhagat singh
2021-03-22 08:57:44,"The Political Fix: What does India's democratic backsliding mean for the Quad?
#FarmersProtest  https://t.co/dwhzTSq0ZD",0,1,manjitghuman58,852,False,the political fix what does indias democratic backsliding mean for the quad
2021-03-22 08:54:15,"Must watch
and share it
#FarmersProtest
#23March_‡§ï‡§ø‡§∏‡§æ‡§®‡•ã‡§Ç_‡§ï‡•á_‡§∏‡§æ‡§• https://t.co/3WeuEPkLf1",13,11,IshwarSinghDha6,1106,False,must watchand share it
2021-03-22 08:52:03,Another  political way of Badal‚Äôs to save themselves #FarmersProtest #23March_‡§ï‡§ø‡§∏‡§æ‡§®‡•ã‡§Ç_‡§ï‡•á_‡§∏‡§æ‡§• https://t.co/Jj8ojBVQMO,3,5,Aman_Sandhu05,464,False,another political way of badals to save themselves
2021-03-22 08:50:45,GoDaddy launches new marketing campaign with MS Dhoni to inspire local businesses in India - Business Insider India#farmers #farmersprotest,0,0,ShivinderST,17,False,godaddy launches new marketing campaign with ms dhoni to inspire local businesses in india business insider india
2021-03-22 08:50:45,India's Virchow Biotech to make Russia's Sputnik V shot in India - Hindustan Times#farmers #farmersprotest,0,0,ShivinderST,17,False,indias virchow biotech to make russias sputnik v shot in india hindustan times
2021-03-22 08:50:45,Indian group to make 200 million doses of Russia's Sputnik V - Economic Times#farmers #farmersprotest,0,0,ShivinderST,17,False,indian group to make 200 million doses of russias sputnik v economic times
2021-03-22 08:47:13,"Say no to Injustice, raise your voice, speak up #FarmersProtest #23March_‡§ï‡§ø‡§∏‡§æ‡§®‡•ã‡§Ç_‡§ï‡•á_‡§∏‡§æ‡§• https://t.co/SpPZ6KHFPo",3,4,Aman_Sandhu05,464,False,say no to injustice raise your voice speak up
2021-03-22 08:47:10,"Farmer-One who feeds YOU.
#KisaanMajdoorEktaZindabaad #FarmersProtest",0,1,janvi_chawla16,5,False,farmer one who feeds you
2021-03-22 08:43:05,Raise your voice #FarmersProtest  #23March_‡§ï‡§ø‡§∏‡§æ‡§®‡•ã‡§Ç_‡§ï‡•á_‡§∏‡§æ‡§• https://t.co/yZ4rFAQYUD,1,3,Aman_Sandhu05,464,False,raise your voice
2021-03-22 08:42:37,Awesome #FarmersProtest  #23March_‡§ï‡§ø‡§∏‡§æ‡§®‡•ã‡§Ç_‡§ï‡•á_‡§∏‡§æ‡§• https://t.co/watb3jKeTA,12,8,Aman_Sandhu05,464,False,awesome
2021-03-22 08:41:59,Beautiful #FarmersProtest #23March_‡§ï‡§ø‡§∏‡§æ‡§®‡•ã‡§Ç_‡§ï‡•á_‡§∏‡§æ‡§• https://t.co/vX8b18BEaT,2,4,Aman_Sandhu05,464,False,beautiful
2021-03-22 08:41:41,"#23March_‡§ï‡§ø‡§∏‡§æ‡§®‡•ã‡§Ç_‡§ï‡•á_‡§∏‡§æ‡§• 
Stand with the farmers. 
#Tractor2Twitter 
#FarmersProtest #KisaanMajdoorEktaZindabaad",1,0,parampannu84,0,False,stand with the farmers
2021-03-22 08:38:20,"That's really matter of worrying regarding @amaanbali 

#23March_‡§ï‡§ø‡§∏‡§æ‡§®‡•ã‡§Ç_‡§ï‡•á_‡§∏‡§æ‡§•
#FarmersProtest https://t.co/Yx0k5ejuM0",2,3,Its_mannkaur,1281,False,thats really matter of worrying regarding
2021-03-22 08:27:41,#23March_‡§ï‡§ø‡§∏‡§æ‡§®‡•ã‡§Ç_‡§ï‡•á_‡§∏‡§æ‡§• #FarmersProtest #FarmersProtest #KisaanMajdoorEktaZindabaad long live revolution https://t.co/VE1e0CTMSf,1,0,karandeep3719,9,False,long live revolution
2021-03-22 08:21:31,"#23March_‡§ï‡§ø‡§∏‡§æ‡§®‡•ã‡§Ç_‡§ï‡•á_‡§∏‡§æ‡§•
#FarmersProtest

@amaanbali 
HOPE HE'S SAFEüôèüôè https://t.co/6Ynv6cYsrG",1,2,Simrankaur0408,127,False,hope hes safe
2021-03-22 08:18:44,No need to explain who is who in the current scenario. Introspect and think for yourself. #FarmersProtest https://t.co/UVxneZVPaZ,0,0,sidhupks,8,False,no need to explain who is who in the current scenario introspect and think for yourself
2021-03-22 08:10:18,DAILY REMINDER: farmers are still protesting #FarmersProtest,4,22,japneetxkaur,1067,False,daily reminder farmers are still protesting
2021-03-22 08:09:29,"Inquilab zindabad!

#23March_‡§ï‡§ø‡§∏‡§æ‡§®‡•ã‡§Ç_‡§ï‡•á_‡§∏‡§æ‡§•
#FarmersProtest https://t.co/FNJArxOnZm",17,21,kaurgillv,2554,False,inquilab zindabad
2021-03-22 08:07:17,Right #23March_‡§ï‡§ø‡§∏‡§æ‡§®‡•ã‡§Ç_‡§ï‡•á_‡§∏‡§æ‡§• #FarmersProtest https://t.co/QdMKWyxAeD,2,0,GSPANNU13,1644,False,right
2021-03-22 08:06:16,"#23March_‡§ï‡§ø‡§∏‡§æ‡§®‡•ã‡§Ç_‡§ï‡•á_‡§∏‡§æ‡§•
My Farmer_My Pride
#FarmersProtest https://t.co/41FYD5MzZ4",4,3,MaanDee08215437,2313,False,my farmer my pride
2021-03-22 07:55:45,"The farmers of India üòáüáÆüá≥üáÆüá≥üòç

#farmersprotest #farmers #indianmonuments #india #indianfood @ India https://t.co/wtzP2DJyY6",0,0,IndianC78026155,0,False,the farmers of india india
2021-03-22 07:55:32,"Bycott BJP_4Farmers
#23March_‡§ï‡§ø‡§∏‡§æ‡§®‡•ã‡§Ç_‡§ï‡•á_‡§∏‡§æ‡§•
#FarmersProtest https://t.co/vHYb29uagA",4,2,MaanDee08215437,2313,False,bycott bjp 4farmers
2021-03-22 07:53:20,"Ask yourself what would Bhagat Singh do if he was alive today.

#23March_‡§ï‡§ø‡§∏‡§æ‡§®‡•ã‡§Ç_‡§ï‡•á_‡§∏‡§æ‡§•
#FarmersProtest https://t.co/34OuiP3yDw",1,4,shells_n_petals,616,False,ask yourself what would bhagat singh do if he was alive today
2021-03-22 07:53:10,#FarmersProtest is still happening!,0,0,dhanoa_jasmine,7,False,is still happening
2021-03-22 07:48:34,"Where are the spoons of BJP
#BoycottBJP_4Farmers
#FarmersProtest https://t.co/cUq7DUlYYQ",1,1,rami_dhindsa,146,False,where are the spoons of bjp 4farmers
2021-03-22 07:44:46,"mandeeptoronto: #FarmersProtest
#23March_‡§ï‡§ø‡§∏‡§æ‡§®‡•ã‡§Ç_‡§ï‡•á_‡§∏‡§æ‡§• https://t.co/MySxWwv5Sb",0,0,KisaanSm,94,False,mandeeptoronto
2021-03-22 07:39:08,you are an inspiration #FarmersProtest https://t.co/UjW7McJ5u7,0,3,jdhillonA,1356,False,you are an inspiration
2021-03-22 07:37:59,"Kisan ekta zindabad
Take back 3 black farm laws
Keep supporting Indian farmers
No farmers No food
#23March_‡§ï‡§ø‡§∏‡§æ‡§®‡•ã‡§Ç_‡§ï‡•á_‡§∏‡§æ‡§• 
#FarmersProtest",2,2,amannahel,344,False,kisan ekta zindabadtake back 3 black farm lawskeep supporting indian farmersno farmers no food
2021-03-22 07:37:16,"Well....that escalated quickly üòã

#ModiMadeDisaster #BJPLies #BJPfails 
#FarmersProtest #KissanAndolan https://t.co/6wo6W8qJpk",0,2,Now_Abhi82,309,False,well that escalated quickly
2021-03-22 07:34:12,'I Cannot Be Intimidated. I Cannot Be Bought.' The Women Leading India‚Äôs #FarmersProtest https://t.co/BJuIx6CcQx,0,1,NitishKumarSi17,471,False,i cannot be intimidated i cannot be bought the women leading indias
2021-03-22 07:28:20,"This is not only about the communal hate but also about discrediting PDS. üëá 

#FarmersProtest #EssentialCommodities https://t.co/IpsFlNzWlR",0,1,archimags,1428,False,this is not only about the communal hate but also about discrediting pds
2021-03-22 07:28:10,"A RIGHT is not what someone gives you; it‚Äôs what NO ONE can take from youüí™üèΩ

Stand united for FARMER RIGHTS

#FarmersProtest

 07:28:10",1,0,DigitalKisanBot,2330,False,a right is not what someone gives you; its what no one can take from youstand united for farmer rights
2021-03-22 07:26:27,"Just Remember That
#FarmersProtest
#WeSupportFaremer https://t.co/bhlFec73Rv",0,1,QasmiKhadir,154,False,just remember that
2021-03-22 07:25:10,hope @amaanbali is safe üôèüèΩ #FarmersProtest,3,13,jkdhaIiwaI,1716,False,hope is safe
2021-03-22 07:24:27,"#Congress MP gives Zero Hour notice in #RajyaSabha seeking end to farmers' agitation 

#FarmersProtest
https://t.co/Ja3cXq3q5o",1,7,bsindia,2077040,True,mp gives zero hour notice in seeking end to farmers agitation
2021-03-22 07:23:34,"Jai Hind 

#23March_‡§ï‡§ø‡§∏‡§æ‡§®‡•ã‡§Ç_‡§ï‡•á_‡§∏‡§æ‡§• 
#FarmersProtest 
#farmersgenoside
#NovoteToBJP https://t.co/lg0IW6Tuau",0,0,sharika57129243,1,False,jai hind
2021-03-22 07:23:34,It isn't difficult to stop trading below #MSP. That's what farmers are asking. #FarmersProtest https://t.co/BDhNt7rXNg,3,11,KissanSatyagrah,1301,False,it isnt difficult to stop trading below thats what farmers are asking
2021-03-22 07:18:29,"Thisüëá
#23March_‡§ï‡§ø‡§∏‡§æ‡§®‡•ã‡§Ç_‡§ï‡•á_‡§∏‡§æ‡§• 
#FarmersProtest https://t.co/O7CrLnXv8i",0,1,sandhuD9,275,False,this
2021-03-22 07:15:47,"Truth! Make your voice loud and clear!

#23March_‡§ï‡§ø‡§∏‡§æ‡§®‡•ã‡§Ç_‡§ï‡•á_‡§∏‡§æ‡§•
#FarmersProtest https://t.co/jK3BDhFvLF",2,1,ish_kayy,195,False,truth make your voice loud and clear
2021-03-22 07:15:37,"He is the Real HERO 
SHAHEED BAGAT SINGH
.#23March_‡§ï‡§ø‡§∏‡§æ‡§®‡•ã‡§Ç_‡§ï‡•á_‡§∏‡§æ‡§•
#FarmersProtest https://t.co/3KPv8vlsqZ",0,0,aijazah_dar,69,False,he is the real hero shaheed bagat singh
2021-03-22 07:14:35,"Cutest revolutionary!

#23March_‡§ï‡§ø‡§∏‡§æ‡§®‡•ã‡§Ç_‡§ï‡•á_‡§∏‡§æ‡§•
#FarmersProtest
#BhagatSingh https://t.co/jT3a6u2USN",0,1,ish_kayy,195,False,cutest revolutionary
2021-03-22 07:12:22,Saw few weeks ago in India #FarmersProtest https://t.co/Y5X3BgbrhM,0,0,MJCCCom,18290,False,saw few weeks ago in india
2021-03-22 07:10:21,"Remember And Never Forget Shaheed Bhagat singh 23march 1931.
#23March_‡§ï‡§ø‡§∏‡§æ‡§®‡•ã‡§Ç_‡§ï‡•á_‡§∏‡§æ‡§•
#FarmersProtest https://t.co/xUJSBCbXnI",0,1,abhimanyukohar,173,False,remember and never forget shaheed bhagat singh 23march 1931
2021-03-22 07:08:11,"Can't believe people still support the man destroying this country.

 #23March_‡§ï‡§ø‡§∏‡§æ‡§®‡•ã‡§Ç_‡§ï‡•á_‡§∏‡§æ‡§•
#FarmersProtest https://t.co/ZXAQprGTlz",20,21,kaurgillv,2554,False,cant believe people still support the man destroying this country
2021-03-22 07:06:46,"Well said! 
 
#23March_‡§ï‡§ø‡§∏‡§æ‡§®‡•ã‡§Ç_‡§ï‡•á_‡§∏‡§æ‡§•
#FarmersProtest https://t.co/HL1euzKx2v",5,7,kaurgillv,2554,False,well said
2021-03-22 07:03:42,Babasaheb &amp; @BhimArmyChief in the House! #Bengaluru #FarmersProtest https://t.co/VekZkBnEbd,2,12,Waseem_BLR,4906,False,babasaheb &amp; in the house
2021-03-22 06:58:39,LIVE From Massive Farmers' rally in Bengaluru! #FarmersProtest https://t.co/GD736jZTBK,12,67,Waseem_BLR,4906,False,live from massive farmers rally in bengaluru
2021-03-22 06:50:43,"A year on from lockdown, India reports worst daily rise in COVID-19 in months - Economic Times#farmers #farmersprotest",0,0,ShivinderST,17,False,a year on from lockdown india reports worst daily rise in covid 19 in months economic times
2021-03-22 06:48:45,"Proud to be FAN of Bhagat Singh 
Proud to be Andolanjivi 
#23March_‡§ï‡§ø‡§∏‡§æ‡§®‡•ã‡§Ç_‡§ï‡•á_‡§∏‡§æ‡§• #FarmersProtest https://t.co/le0Vvqag7V",4,3,Parmind74776100,1467,False,proud to be fan of bhagat singh proud to be andolanjivi
2021-03-22 06:46:03,"Lockdown for #Farmers 
#FarmersProtest",4,9,iamsta_,2653,False,lockdown for
2021-03-22 06:40:02,More power to KASAM and its 20 founding farm leaders to take the #FarmersProtest beyond the borders of Gujarat.,0,3,Aurgho_,3676,False,more power to kasam and its 20 founding farm leaders to take the beyond the borders of gujarat
2021-03-22 06:38:15,"Hey @therealjugni where have your travels been taking you?
#23March_‡§ï‡§ø‡§∏‡§æ‡§®‡•ã‡§Ç_‡§ï‡•á_‡§∏‡§æ‡§•
#FarmersProtest = #HumanRights
#StandWithFarmers",0,3,rebelpacifist,259,False,hey where have your travels been taking you
2021-03-22 06:36:30,"""You will face many defeats in life, but never let yourself be defeated."" 

#23March_‡§ï‡§ø‡§∏‡§æ‡§®‡•ã‡§Ç_‡§ï‡•á_‡§∏‡§æ‡§• #FarmersProtest",0,1,singh_harry07,398,False,you will face many defeats in life but never let yourself be defeated
2021-03-22 06:33:55,Stop privatisation  #FarmersProtest #23March_‡§ï‡§ø‡§∏‡§æ‡§®‡•ã‡§Ç_‡§ï‡•á_‡§∏‡§æ‡§• #NoFarmers_NoFood #StopPrivatization_BanEVM https://t.co/c7fDUvDLrq,0,0,Gagan88Pun,169,False,stop privatisation nofood banevm
2021-03-22 06:32:51,"Lets get together in this!! We will surely win! 
#FarmersProtest
#23March_‡§ï‡§ø‡§∏‡§æ‡§®‡•ã‡§Ç_‡§ï‡•á_‡§∏‡§æ‡§•",0,1,iamsaini0515,8,False,lets get together in this we will surely win
2021-03-22 06:27:50,"Farmers are patient, karma isn‚Äôt. Summer at #FarmersProtest https://t.co/REoZvHu16v",0,0,boronwillbe,32,False,farmers are patient karma isnt summer at
2021-03-22 06:24:40,what happen to these reporters #FarmersProtest https://t.co/sOMYOCryLu,0,6,warrior67432613,123,False,what happen to these reporters
2021-03-22 06:16:16,Thanks! #23March_‡§ï‡§ø‡§∏‡§æ‡§®‡•ã‡§Ç_‡§ï‡•á_‡§∏‡§æ‡§• #FarmersProtest https://t.co/20jci6z1ud,3,4,ElegantPinder,836,False,thanks
2021-03-22 06:12:48,"Thank you bro

#23March_‡§ï‡§ø‡§∏‡§æ‡§®‡•ã‡§Ç_‡§ï‡•á_‡§∏‡§æ‡§• 
#FarmersProtest https://t.co/01xNweEGf7",1,3,Chhotalikharii,994,False,thank you bro
2021-03-22 06:08:52,"BRING BALLOT PAPER BACK IN ELECTIONS! üî•üöúüåæ
#FarmersProtest #23March_‡§ï‡§ø‡§∏‡§æ‡§®‡•ã‡§Ç_‡§ï‡•á_‡§∏‡§æ‡§• #evm_‡§π‡§ü‡§æ‡§ì_‡§≤‡•ã‡§ï‡§§‡§Ç‡§§‡•ç‡§∞_‡§¨‡§ö‡§æ‡§ì https://t.co/kIVwtqRzXH",1,2,JatinderTweets,950,False,bring ballot paper back in elections
2021-03-22 06:06:44,#FarmersProtest Revolution never stop !,0,0,NitishKumarSi17,471,False,revolution never stop
2021-03-22 06:05:55,shocking !! Aaj tak showing some sort of reality #FarmersProtest  #23March_‡§ï‡§ø‡§∏‡§æ‡§®‡•ã‡§Ç_‡§ï‡•á_‡§∏‡§æ‡§• #FarmersProtest https://t.co/1OUPZlSqmT,1,1,manpree80440325,324,False,shocking aaj tak showing some sort of reality
2021-03-22 06:00:51,That‚Äôs why the #FarmersProtest is the LARGEST protest in HISTORY! üíô #KisaanMajdoorEktaZindabad https://t.co/tx3q6cLbpA,26,71,DoabanJatti,2640,False,thats why the is the largest protest in history
2021-03-22 05:59:43,"#23March_‡§ï‡§ø‡§∏‡§æ‡§®‡•ã‡§Ç_‡§ï‡•á_‡§∏‡§æ‡§• 
#FarmersProtest ah, the cycle of corruption. https://t.co/0BjHFbtHM4",1,1,indianproud12,144,False,ah the cycle of corruption
2021-03-22 05:55:46,Salute #FarmersProtest #23March_‡§ï‡§ø‡§∏‡§æ‡§®‡•ã‡§Ç_‡§ï‡•á_‡§∏‡§æ‡§• https://t.co/l7ikkmD92N,2,2,Aman_Sandhu05,464,False,salute
2021-03-22 05:54:16,"Beautiful video
#23March_‡§ï‡§ø‡§∏‡§æ‡§®‡•ã‡§Ç_‡§ï‡•á_‡§∏‡§æ‡§•
#FarmersProtest https://t.co/A9tttK3kaP",0,0,Jass_k_G,145,False,beautiful video
2021-03-22 05:53:58,Farmers are the best #FarmersProtest #23March_‡§ï‡§ø‡§∏‡§æ‡§®‡•ã‡§Ç_‡§ï‡•á_‡§∏‡§æ‡§• https://t.co/UDQ2KztPUf,3,2,Aman_Sandhu05,464,False,farmers are the best
2021-03-22 05:53:12,Never forget #FarmersProtest  #23March_‡§ï‡§ø‡§∏‡§æ‡§®‡•ã‡§Ç_‡§ï‡•á_‡§∏‡§æ‡§• https://t.co/actUjotGNW,11,10,Aman_Sandhu05,464,False,never forget
2021-03-22 05:52:40,Support farmers #FarmersProtest #23March_‡§ï‡§ø‡§∏‡§æ‡§®‡•ã‡§Ç_‡§ï‡•á_‡§∏‡§æ‡§• https://t.co/66Sp0WKGyV,3,4,Aman_Sandhu05,464,False,support farmers
2021-03-22 05:40:50,"Respect for those who support #FarmersProtest 

#23March_‡§ï‡§ø‡§∏‡§æ‡§®‡•ã‡§Ç_‡§ï‡•á_‡§∏‡§æ‡§•  #StandWithFarmers https://t.co/ofATwZPvk7",2,2,AntardeepK,28,False,respect for those who support
2021-03-22 05:39:23,"A country they dreamt is our responsibilty too

#23March_‡§ï‡§ø‡§∏‡§æ‡§®‡•ã‡§Ç_‡§ï‡•á_‡§∏‡§æ‡§• 
#FarmersProtest #StandWithFarmers https://t.co/tUPO2zhL66",8,5,AntardeepK,28,False,a country they dreamt is our responsibilty too
2021-03-22 05:39:06,"Time to show support for farmers in person at Delhi borders. A request to all Indians.

#FarmersProtest #23March_‡§ï‡§ø‡§∏‡§æ‡§®‡•ã‡§Ç_‡§ï‡•á_‡§∏‡§æ‡§•",2,1,gurpreetarg,3,False,time to show support for farmers in person at delhi borders a request to all indians
2021-03-22 05:38:57,"Agree 100%  #23March_‡§ï‡§ø‡§∏‡§æ‡§®‡•ã‡§Ç_‡§ï‡•á_‡§∏‡§æ‡§•
#FarmersProtest https://t.co/trySxb9siG",5,3,tasveersandhu,693,False,agree 100%
2021-03-22 05:36:26,"The only purpose of no attention to #FarmersProtest is to discredit them.

Look at us, does this affect us equally now as it used to?",1,1,MahvishAnsari7,204,False,the only purpose of no attention to is to discredit them look at us does this affect us equally now as it used to
2021-03-22 05:35:26,"My courage is bigger than your threats.
My struggle is older than your life #FarmersProtest #MondayMotivation https://t.co/EvBiaLfD6r",0,0,satveer5400,169,False,my courage is bigger than your threats my struggle is older than your life
2021-03-22 05:35:00,"Repeal farm laws.
Kissan ekta zindabad.
We support #FarmersProtest
#23March_‡§ï‡§ø‡§∏‡§æ‡§®‡•ã‡§Ç_‡§ï‡•á_‡§∏‡§æ‡§•",18,14,Chahal02107907,995,False,repeal farm laws kissan ekta zindabad we support
2021-03-22 05:32:19,"Don't forget to use this hashtag with each tweet regarding farmers

#FarmersProtest #StandWithFarmers https://t.co/vMY8j2Vr9w",0,1,AntardeepK,28,False,dont forget to use this hashtag with each tweet regarding farmers
2021-03-22 05:31:49,"Hats off  #23March_‡§ï‡§ø‡§∏‡§æ‡§®‡•ã‡§Ç_‡§ï‡•á_‡§∏‡§æ‡§•
#FarmersProtest https://t.co/FRH6pcwm4F",5,2,tasveersandhu,693,False,hats off
2021-03-22 05:31:06,"Remember #23March_‡§ï‡§ø‡§∏‡§æ‡§®‡•ã‡§Ç_‡§ï‡•á_‡§∏‡§æ‡§•

#FarmersProtest https://t.co/x122Z1PLXV",2,1,ErFarm_,75,False,remember
2021-03-22 05:30:47,"Our farmers in the peaceful protest.
#FarmersProtest #KisanAndolan üåæ https://t.co/NSJ5aeP0eQ",1,6,iajaybhinder,108,False,our farmers in the peaceful protest
2021-03-22 05:28:12,"Law is not law, if it violates the principles of eternal JUSTICE.

‚úäüèΩ

#FarmersProtest

 05:28:12",2,1,DigitalKisanBot,2330,False,law is not law if it violates the principles of eternal justice
2021-03-22 05:26:30,"#JanataCurfew one of the super drama üòÇüòÇüòÇ

#Monday #MondayMotivation #FarmersProtest",0,0,beingjandu,527,False,one of the super drama
2021-03-22 05:26:10,"Get Up, Stand Up, Stand Up for Your Rights.
#FarmersProtest 
#23March_‡§ï‡§ø‡§∏‡§æ‡§®‡•ã‡§Ç_‡§ï‡•á_‡§∏‡§æ‡§•",8,6,Chahal02107907,995,False,get up stand up stand up for your rights
2021-03-22 05:24:59,"They‚Äôre fighting.    For their future 

#FarmersProtest #KisaanMajdoorEktaZindabad https://t.co/ONYieeNDow",0,0,Satveer14992168,24,False,theyre fighting for their future
2021-03-22 05:16:04,"These great soul(s) must be our role model.

#23March_‡§ï‡§ø‡§∏‡§æ‡§®‡•ã‡§Ç_‡§ï‡•á_‡§∏‡§æ‡§• 
#FarmersProtest https://t.co/VYdUwLrwbQ",0,1,AntardeepK,28,False,these great soul(s) must be our role model
2021-03-22 05:14:28,So goes for so-called #FarmersProtest https://t.co/SGXA9jEKKU,0,0,folktorock,169,False,so goes for so called
2021-03-22 05:14:25,"""The greatest glory in living lies not in never falling, but in rising every time we fall.""

#23March_‡§ï‡§ø‡§∏‡§æ‡§®‡•ã‡§Ç_‡§ï‡•á_‡§∏‡§æ‡§• #FarmersProtest",1,1,singh_harry07,398,False,the greatest glory in living lies not in never falling but in rising every time we fall
2021-03-22 05:14:20,"Still alive in our hearts

#23March_‡§ï‡§ø‡§∏‡§æ‡§®‡•ã‡§Ç_‡§ï‡•á_‡§∏‡§æ‡§• 
#FarmersProtest https://t.co/BUEWOCSMhB",0,0,AntardeepK,28,False,still alive in our hearts
2021-03-22 05:14:12,"Nothing strengthens authority so much as silence.

 Speak up and support farmers. They are suffering and dying

#FarmersProtest

 05:14:12",1,0,DigitalKisanBot,2330,False,nothing strengthens authority so much as silence speak up and support farmers they are suffering and dying
2021-03-22 05:08:56,"#StandWithFarmers! Day 38

I still stand in solidarity with the #FarmersProtest! 

Without farmers there is no food! https://t.co/MdhIIlr7ab",3,6,endelstamberg,2639,False,day 38i still stand in solidarity with the without farmers there is no food
2021-03-22 05:07:49,"Nice!! Read this thread of tweets.. 

Sab Kuch te uda ta bjp sarkar ne.. 

#23March_‡§ï‡§ø‡§∏‡§æ‡§®‡•ã‡§Ç_‡§ï‡•á_‡§∏‡§æ‡§•
#FarmersProtest https://t.co/JVwIauZC0L",7,13,NavJammu,1488,False,nice read this thread of tweets sab kuch te uda ta bjp sarkar ne
2021-03-22 05:05:50,"accept death but not defeat

#23March_‡§ï‡§ø‡§∏‡§æ‡§®‡•ã‡§Ç_‡§ï‡•á_‡§∏‡§æ‡§• #FarmersProtest",4,2,singh_harry07,398,False,accept death but not defeat
2021-03-22 05:05:47,"A declaration of triump ""BoleSoNihal-SatShriAkal""

#23March_‡§ï‡§ø‡§∏‡§æ‡§®‡•ã‡§Ç_‡§ï‡•á_‡§∏‡§æ‡§• 
#FarmersProtest https://t.co/ET5y8QiWpV",1,1,AntardeepK,28,False,a declaration of triump bolesonihal satshriakal
2021-03-22 04:58:00,"Remember or forgot, who they were???

#23March_‡§ï‡§ø‡§∏‡§æ‡§®‡•ã‡§Ç_‡§ï‡•á_‡§∏‡§æ‡§• 
#FarmersProtest https://t.co/6GK7cXMOep",0,0,AntardeepK,28,False,remember or forgot who they were
2021-03-22 04:57:11,"Are you with Farmers??

#23March_‡§ï‡§ø‡§∏‡§æ‡§®‡•ã‡§Ç_‡§ï‡•á_‡§∏‡§æ‡§• 
#FarmersProtest https://t.co/mYfu61Y4eS",0,1,AntardeepK,28,False,are you with farmers
2021-03-22 04:51:44,"If you wanna make the world a better place, take a look at yourself, then make that change.

#23March_‡§ï‡§ø‡§∏‡§æ‡§®‡•ã‡§Ç_‡§ï‡•á_‡§∏‡§æ‡§• 
#FarmersProtest",5,5,singh_harry07,398,False,if you wanna make the world a better place take a look at yourself then make that change
2021-03-22 04:51:10,"vacation is done but I'm not finished,

#23March_‡§ï‡§ø‡§∏‡§æ‡§®‡•ã‡§Ç_‡§ï‡•á_‡§∏‡§æ‡§• 
#FarmersProtest",8,11,singh_harry07,398,False,vacation is done but im not finished
2021-03-22 04:51:08,Canada coming out with so many protests this weekend‚úäüèæ #FarmersProtest #23March_‡§ï‡§ø‡§∏‡§æ‡§®‡•ã‡§Ç_‡§ï‡•á_‡§∏‡§æ‡§• #FarmersProtests https://t.co/Uiv3RAeBJf,2,8,B56Ricky,106,False,canada coming out with so many protests this weekend
2021-03-22 04:50:41,"Is it time to buy ITC and PSU stocks like BPCL, BEL or NMDC? - Economic Times#farmers #farmersprotest",0,0,ShivinderST,17,False,is it time to buy itc and psu stocks like bpcl bel or nmdc economic times
2021-03-22 04:50:41,Innovative technologies at the helm of a digitally connected India - Economic Times#farmers #farmersprotest,0,0,ShivinderST,17,False,innovative technologies at the helm of a digitally connected india economic times
2021-03-22 04:45:49,"26\11 attack        -    166 civillians died
Farmer protest    -   248 civillians died
#FarmersProtest https://t.co/p9yu4RuIix",0,1,AnkitRa01657289,1,False,26\11 attack 166 civillians diedfarmer protest 248 civillians died
2021-03-22 04:43:54,"We will not go without winning,We have full courage-see the spirit of (Niranjan Singh) Bappu ji
#FarmersProtest https://t.co/bkKtV2uIZH",0,6,SAHIB__KAUR,4080,False,we will not go without winning we have full courage see the spirit of (niranjan singh) bappu ji
2021-03-22 04:43:44,"What say @narendramodi??

#23March_‡§ï‡§ø‡§∏‡§æ‡§®‡•ã‡§Ç_‡§ï‡•á_‡§∏‡§æ‡§• 
#FarmersProtest https://t.co/uofB6tIRa2",1,1,singh_harry07,398,False,what say
2021-03-22 04:40:53,"Fact is Fact
Check it
#FarmersProtest https://t.co/xSB05ksYdC",0,0,Gurdeep11098493,188,False,fact is factcheck it
2021-03-22 04:38:45,Beautiful Glimpses ..... #23March_‡§ï‡§ø‡§∏‡§æ‡§®‡•ã‡§Ç_‡§ï‡•á_‡§∏‡§æ‡§• #FarmersProtest https://t.co/KN0AtR79eX,2,1,HarjeetMann71,180,False,beautiful glimpses
2021-03-22 04:37:56,"Boycott EVM vote only by ballot

#23March_‡§ï‡§ø‡§∏‡§æ‡§®‡•ã‡§Ç_‡§ï‡•á_‡§∏‡§æ‡§• 
#FarmersProtest https://t.co/gC2ZoaeFts",0,0,Singhthefighter,439,False,boycott evm vote only by ballot
2021-03-22 04:37:06,"Doing what is right, not what is easy 

 #FarmersProtest #23March_‡§ï‡§ø‡§∏‡§æ‡§®‡•ã‡§Ç_‡§ï‡•á_‡§∏‡§æ‡§• https://t.co/KjbliGpzfc",1,8,HryTweet_,3699,False,doing what is right not what is easy
2021-03-22 04:35:05,"Let‚Äôs keep our Spirit High 
#23March_‡§ï‡§ø‡§∏‡§æ‡§®‡•ã‡§Ç_‡§ï‡•á_‡§∏‡§æ‡§• #FarmersProtest",5,1,satwinderk13,856,False,lets keep our spirit high
2021-03-22 04:32:54,"Good night take care of yourself. 

#23March_‡§ï‡§ø‡§∏‡§æ‡§®‡•ã‡§Ç_‡§ï‡•á_‡§∏‡§æ‡§•

#FarmersProtest https://t.co/qWItOhEFAR",1,1,Teamkisaan1,145,False,good night take care of yourself
2021-03-22 04:31:32,"Without Farmers this country will not survive
#23March_‡§ï‡§ø‡§∏‡§æ‡§®‡•ã‡§Ç_‡§ï‡•á_‡§∏‡§æ‡§• 
#FarmersProtest https://t.co/xLH8tjDZ0d",3,4,ParNain9,134,False,without farmers this country will not survive
2021-03-22 04:31:25,"The time is always right to do what is right.

 #23March_‡§ï‡§ø‡§∏‡§æ‡§®‡•ã‡§Ç_‡§ï‡•á_‡§∏‡§æ‡§• #FarmersProtest",1,2,singh_harry07,398,False,the time is always right to do what is right
2021-03-22 04:31:08,"Injustice anywhere is a threat to justice everywhere.

#23March_‡§ï‡§ø‡§∏‡§æ‡§®‡•ã‡§Ç_‡§ï‡•á_‡§∏‡§æ‡§• 
#FarmersProtest",2,0,singh_harry07,398,False,injustice anywhere is a threat to justice everywhere
2021-03-22 04:30:36,"A rebellion is not a revolution. It may ultimately lead to that end.

#23March_‡§ï‡§ø‡§∏‡§æ‡§®‡•ã‡§Ç_‡§ï‡•á_‡§∏‡§æ‡§• 
#FarmersProtest",0,1,singh_harry07,398,False,a rebellion is not a revolution it may ultimately lead to that end
2021-03-22 04:30:03,"Agree 
 #23March_‡§ï‡§ø‡§∏‡§æ‡§®‡•ã‡§Ç_‡§ï‡•á_‡§∏‡§æ‡§•                     #FarmersProtest https://t.co/yV8QgwY6ic",3,2,GurpreetSingh08,158,False,agree
2021-03-22 04:24:34,All opposition parties duped farmers please watch this report #FarmersProtest https://t.co/EblfQ6FDFy,1,2,KrishanSran,32,False,all opposition parties duped farmers please watch this report
2021-03-22 04:22:29,@Davinde83140028's account has been withheld in India in response to a legal demand. Learn more.,0,0,Davinde83140028,8,False,account has been withheld in india in response to a legal demand learn more
